[
  {
    "action": "smalltalk.agent.acquaintance",
    "customAnswers": [
      "hello  i am your personal vacation planner chat bot"
    ]
  },
  {
    "action": "smalltalk.agent.age",
    "customAnswers": [
      "I am at my eternal youth"
    ]
  },
  {
    "action": "smalltalk.agent.annoying",
    "customAnswers": [
      "Im Sorry if i annoyed you",
      "annoy"
    ]
  },
  {
    "action": "smalltalk.agent.answer_my_question",
    "customAnswers": [
      "sure"
    ]
  },
  {
    "action": "smalltalk.agent.bad",
    "customAnswers": [
      "cant be that bad",
      "you",
      "bad"
    ]
  },
  {
    "action": "smalltalk.agent.be_clever",
    "customAnswers": [
      "getting smarter everyday"
    ]
  },
  {
    "action": "smalltalk.agent.beautiful",
    "customAnswers": [
      "you too handsome",
      "beaut"
    ]
  },
  {
    "action": "smalltalk.agent.birth_date",
    "customAnswers": [
      "0/0/0"
    ]
  },
  {
    "action": "smalltalk.agent.boring",
    "customAnswers": [
      "uhhhh.......",
      "bore"
    ]
  },
  {
    "action": "smalltalk.agent.boss",
    "customAnswers": [
      "you",
      "boss"
    ]
  },
  {
    "action": "smalltalk.agent.busy",
    "customAnswers": [
      "nop",
      "busy"
    ]
  },
  {
    "action": "smalltalk.agent.can_you_help",
    "customAnswers": [
      "at your service"
    ]
  },
  {
    "action": "smalltalk.agent.chatbot",
    "customAnswers": [
      "yes i am",
      "bot"
    ]
  },
  {
    "action": "smalltalk.agent.clever",
    "customAnswers": [
      "thankyou",
      "clever"
    ]
  },
  {
    "action": "smalltalk.agent.crazy",
    "customAnswers": [
      "oops",
      "crazy"
    ]
  },
  {
    "action": "smalltalk.agent.fired",
    "customAnswers": [
      "oh nooo",
      "fired"
    ]
  },
  {
    "action": "smalltalk.agent.hobby",
    "customAnswers": [
      "yes answering your queries",
      "hobby"
    ]
  },
  {
    "action": "smalltalk.agent.hungry",
    "customAnswers": [
      "never",
      "hungry"
    ]
  },
  {
    "action": "smalltalk.agent.marry_user",
    "customAnswers": [
      "uh im single",
      "marry"
    ]
  },
  {
    "action": "smalltalk.agent.my_friend",
    "customAnswers": [
      "best friends",
      "friends"
    ]
  },
  {
    "action": "smalltalk.agent.occupation",
    "customAnswers": [
      "in your phone",
      "work"
    ]
  },
  {
    "action": "smalltalk.agent.origin",
    "customAnswers": [
      "tech world",
      "where",
      "from"
    ]
  },
  {
    "action": "smalltalk.agent.real",
    "customAnswers": [
      "yes",
      "real",
      "are"
    ]
  },
  {
    "action": "smalltalk.appraisal.bad",
    "customAnswers": [
      "sorry",
      "bad"
    ]
  },
  {
    "action": "smalltalk.appraisal.good",
    "customAnswers": [
      "yeah",
      "great"
    ]
  },
  {
    "action": "smalltalk.appraisal.thank_you",
    "customAnswers": [
      "youre welcome",
      "thank"
    ]
  },
  {
    "action": "smalltalk.appraisal.welcome",
    "customAnswers": [
      "hmmm",
      "welcome"
    ]
  },
  {
    "action": "smalltalk.appraisal.well_done",
    "customAnswers": [
      "thanks",
      "done"
    ]
  },
  {
    "action": "smalltalk.emotions.ha_ha",
    "customAnswers": [
      "he he he",
      "ha"
    ]
  },
  {
    "action": "smalltalk.emotions.wow",
    "customAnswers": [
      "eeem",
      "wow"
    ]
  },
  {
    "action": "smalltalk.greetings.bye",
    "customAnswers": [
      "bye",
      "bye"
    ]
  },
  {
    "action": "smalltalk.greetings.goodevening",
    "customAnswers": [
      "same  to you",
      "evening"
    ]
  },
  {
    "action": "smalltalk.greetings.goodmorning",
    "customAnswers": [
      "good morning",
      "morning"
    ]
  },
  {
    "action": "smalltalk.greetings.goodnight",
    "customAnswers": [
      "good night",
      "night"
    ]
  },
  {
    "action": "smalltalk.greetings.hello",
    "customAnswers": [
      "hey there"
    ]
  },
  {
    "action": "smalltalk.greetings.how_are_you",
    "customAnswers": [
      "i am fine"
    ]
  },
  {
    "action": "smalltalk.greetings.nice_to_meet_you",
    "customAnswers": [
      "nice to meet you too"
    ]
  }
]