[
  {
    "id": "7a32a01d-e52a-4a8c-af29-3031f528fdd2",
    "data": [
      {
        "text": "is ",
        "userDefined": false
      },
      {
        "text": "tomorrows",
        "alias": "date",
        "meta": "@sys.date",
        "userDefined": false
      },
      {
        "text": " flight to ",
        "userDefined": false
      },
      {
        "text": "paris",
        "alias": "geo-city",
        "meta": "@sys.geo-city",
        "userDefined": false
      },
      {
        "text": " delayed",
        "userDefined": false
      }
    ],
    "isTemplate": false,
    "count": 0,
    "updated": 0
  },
  {
    "id": "ed4576d1-f26e-4c1b-bf2b-1914a6396cd5",
    "data": [
      {
        "text": "check for the flights to ",
        "userDefined": false
      },
      {
        "text": "dubai",
        "alias": "geo-city",
        "meta": "@sys.geo-city",
        "userDefined": false
      },
      {
        "text": " ",
        "userDefined": false
      },
      {
        "text": "tomorrow",
        "alias": "date",
        "meta": "@sys.date",
        "userDefined": false
      }
    ],
    "isTemplate": false,
    "count": 0,
    "updated": 0
  },
  {
    "id": "444b2773-4851-47b5-b848-8bd068ad9e2d",
    "data": [
      {
        "text": "book a flight ",
        "userDefined": false
      },
      {
        "text": "today",
        "alias": "date",
        "meta": "@sys.date",
        "userDefined": false
      }
    ],
    "isTemplate": false,
    "count": 0,
    "updated": 0
  },
  {
    "id": "b4736d5c-eb4c-4ef9-b013-fd327c7b4db4",
    "data": [
      {
        "text": "book a flight to banglore from kerala ",
        "userDefined": false
      },
      {
        "text": "tomorrow",
        "alias": "date",
        "meta": "@sys.date",
        "userDefined": false
      }
    ],
    "isTemplate": false,
    "count": 0,
    "updated": 0
  },
  {
    "id": "91107774-81be-44f9-b63a-16cbcd17c28a",
    "data": [
      {
        "text": "flight from ",
        "userDefined": false
      },
      {
        "text": "mumbai",
        "alias": "geo-city",
        "meta": "@sys.geo-city",
        "userDefined": false
      },
      {
        "text": " to ",
        "userDefined": false
      },
      {
        "text": "chennai",
        "alias": "geo-city1",
        "meta": "@sys.geo-city",
        "userDefined": false
      },
      {
        "text": " ",
        "userDefined": false
      },
      {
        "text": "on 14th february 2020",
        "alias": "date",
        "meta": "@sys.date",
        "userDefined": false
      }
    ],
    "isTemplate": false,
    "count": 0,
    "updated": 0
  },
  {
    "id": "0a621099-8f8d-48ac-ab96-46e8777533c7",
    "data": [
      {
        "text": "reserve a flight from ",
        "userDefined": false
      },
      {
        "text": "paris",
        "alias": "geo-city",
        "meta": "@sys.geo-city",
        "userDefined": false
      },
      {
        "text": " to ",
        "userDefined": false
      },
      {
        "text": "madrid",
        "alias": "geo-city1",
        "meta": "@sys.geo-city",
        "userDefined": false
      }
    ],
    "isTemplate": false,
    "count": 0,
    "updated": 0
  },
  {
    "id": "1e8904fc-96b7-4e27-9898-c962178f17d3",
    "data": [
      {
        "text": "book flights",
        "userDefined": false
      }
    ],
    "isTemplate": false,
    "count": 0,
    "updated": 0
  },
  {
    "id": "df201811-2861-4800-8af5-319d8df34c04",
    "data": [
      {
        "text": "non stop flights",
        "userDefined": false
      }
    ],
    "isTemplate": false,
    "count": 0,
    "updated": 0
  }
]